grupo,dh_mortos,dh_feridos,dh_enfermos,dh_desabrigados,dh_desalojados,dh_desaparecidos,dh_outros_afetados,dm_uni_habita_danificadas,dm_uni_habita_destruidas,dm_uni_habita_valor,dm_inst_saude_danificadas,dm_inst_saude_destruidas,dm_inst_saude_valor,dm_inst_ensino_danificadas,dm_inst_ensino_destruidas,dm_inst_ensino_valor,dm_inst_servicos_danificadas,dm_inst_servicos_destruidas,dm_inst_servicos_valor,dm_inst_comuni_danificadas,dm_inst_comuni_destruidas,dm_inst_comuni_valor,dm_obras_de_infra_danificadas,dm_obras_de_infra_destruidas,dm_obras_de_infra_valor,dm_total_danos_materiais,pepl_sis_limp_e_rec_lixo_r,pepl_sis_cont_pragas_r,pepl_distrib_energia_r,pepl_telecomunicacoes_r,pepl_tran_loc_reg_l_curso_r,pepl_seguranca_publica_r,pepl_ensino_r,pepl_total_publico,pepr_agricultura_r,pepr_pecuaria_r,pepr_industria_r,pepr_comercio_r,pepr_servicos_r,pepr_total_privado
Demais estados,4270,102039,563908,1876924,6801934,2882,82398952,1893204,339551,51797382406.259346,26547.8,172144,1293211820.5793848,18930.3,2854,2574546880.195593,1035,1592,343363059.60039026,118067,5031,1245020077.8625464,26753339.85,5930341,67637913660.423904,124891437904.92117,1848253931.6150875,183618322.72831383,671762330.598027,151410443.91036263,13169207301.56214,223252961.10475594,2062835470.7800434,26574766577.114193,57102566735.61901,10114797813.799246,5926870293.692239,30228446030.8904,7187211592.772585,110559892466.7735
SC,279,8667,7059,171789,963266,133,11933019,375362,19347,5528470031.293689,1339,51150,72846641.64490376,2013,180,242938217.9326685,127,267,19268403.447039675,4408,247,89671628.53828831,755584.5,153046,8065845509.699381,14019040432.555971,175465479.05511218,4426465.047203647,119336516.12735875,19515575.91232766,1624720278.50188,87761226.95318735,172062539.9123977,2746567031.708314,7643861020.767272,824938855.3843807,3215439872.48153,14598990054.320965,3344521901.782285,29627751704.73644
